<?xml version="1.0" encoding="utf-8"?>
<!DOCTYPE service-xml PUBLIC "-//Sun Microsystems, Inc.//DTD JAIN SLEE Service 1.1//EN"
                             "http://java.sun.com/dtd/slee-service-xml_1_1.dtd">
<service-xml>
    <service>
        <description/>
        <service-name>Hello SLEE World</service-name>
        <service-vendor>org.mobicents</service-vendor>
        <service-version>1.0</service-version>
        <root-sbb>
            <description/>
            <sbb-name>Hello SLEE World</sbb-name>
            <sbb-vendor>org.mobicents</sbb-vendor>
            <sbb-version>1.0</sbb-version>
        </root-sbb>
        <default-priority>0</default-priority>
    </service>
</service-xml>
