<?xml version="1.0" encoding="utf-8"?>
<!DOCTYPE sbb-jar PUBLIC "-//Sun Microsystems, Inc.//DTD JAIN SLEE SBB 1.1//EN"
                         "http://java.sun.com/dtd/slee-sbb-jar_1_1.dtd">
<sbb-jar>
    <sbb>
        <description/>
        <sbb-name>Hello SLEE World</sbb-name>
        <sbb-vendor>org.mobicents</sbb-vendor>
        <sbb-version>1.0</sbb-version>
        <sbb-classes>
            <sbb-abstract-class>
                <sbb-abstract-class-name>org.mobicents.slee.tutorial.service.hello.HelloSleeWorldSbb</sbb-abstract-class-name>
            </sbb-abstract-class>
        </sbb-classes>
        <event event-direction="Receive" initial-event="True">
            <event-name>ServiceStartedEvent</event-name>
            <event-type-ref>
                <event-type-name>javax.slee.serviceactivity.ServiceStartedEvent</event-type-name>
                <event-type-vendor>javax.slee</event-type-vendor>
                <event-type-version>1.1</event-type-version>
            </event-type-ref>
            <initial-event-select variable="ActivityContext"/>
        </event>
    </sbb>
</sbb-jar>
